{"version": {"json_export": "192", "page_segmentation": "5", "schema": "1.1.0", "structure": "1.1065.0", "table_structure": "5"}, "extended_metadata": {"ID_instance": "09 F5 58 E7 6C B8 B2 11 0A 00 67 45 8B 6B C6 23 ", "ID_permanent": "35 34 20 36 30 20 35 36 20 45 37 20 36 43 20 42 38 20 42 32 20 31 31 20 30 41 20 30 30 20 36 37 20 34 35 20 38 42 20 36 42 20 43 36 20 32 33 20 ", "pdf_version": "1.6", "pdfa_compliance_level": "", "is_encrypted": false, "has_acroform": false, "is_digitally_signed": false, "pdfua_compliance_level": "", "page_count": 1, "has_embedded_files": false, "is_certified": false, "is_XFA": false, "language": "en"}, "elements": [{"Bounds": [212.13099670410156, 778.0464324951172, 389.333984375, 806.5268096923828], "Font": {"alt_family_name": "CMB Extra", "embedded": true, "encoding": "Custom", "family_name": "CMB Extra 12", "font_type": "Type1", "italic": false, "monospaced": false, "name": "KIVTGB+CMBX12", "subset": true, "weight": 400}, "HasClip": false, "Lang": "en", "Page": 0, "Path": "//Document/Sect/Title", "Text": "Kfir Avraham ", "TextSize": 24.787094116210938, "attributes": {"LineHeight": 29.75, "TextAlign": "Center"}}, {"Bounds": [224.3159942626953, 764.8282470703125, 373.9353332519531, 778.5647735595703], "Font": {"alt_family_name": "CMB Extra", "embedded": true, "encoding": "Custom", "family_name": "CMB Extra 12", "font_type": "Type1", "italic": false, "monospaced": false, "name": "KIVTGB+CMBX12", "subset": true, "weight": 400}, "HasClip": false, "Lang": "en", "Page": 0, "Path": "//Document/Sect[2]/H1", "Text": "Fullstack Web Developer ", "TextSize": 11.9552001953125, "attributes": {"LineHeight": 14.375, "TextAlign": "Center"}}, {"Bounds": [55.83599853515625, 743.8190002441406, 114.12791442871094, 757.7669982910156], "Font": {"alt_family_name": "Font Awesome 5 Brands", "embedded": true, "encoding": "Custom", "family_name": "Font Awesome 5 Brands", "font_type": "Type1", "italic": false, "monospaced": false, "name": "PNYVII+FontAwesome5Brands-Regular", "subset": true, "weight": 400}, "HasClip": false, "Lang": "en", "Page": 0, "Path": "//Document/Sect[2]/P/Reference", "Text": "(<https://github.com/Kfirkfir89>)\ue0a7 Kfirkfir89 ", "TextSize": 9.962600708007812}, {"Bounds": [118.28231811523438, 738.8423004150391, 256.0052947998047, 757.7669982910156], "Font": {"alt_family_name": "CMS Y", "embedded": true, "encoding": "Custom", "family_name": "CMS Y 10", "font_type": "Type1", "italic": false, "monospaced": false, "name": "XDJWFC+CMSY10", "subset": true, "weight": 400}, "HasClip": false, "Lang": "en", "Page": 0, "Path": "//Document/Sect[2]/P[2]", "Text": "| (<https://linkedin.com/in/>)\ue0ef kfir-avraham-91637b123 | ", "TextSize": 9.962600708007812}, {"Bounds": [259.17100524902344, 743.8190002441406, 341.4644775390625, 757.7669982910156], "Font": {"alt_family_name": "Font Awesome 5 Free", "embedded": true, "encoding": "Custom", "family_name": "Font Awesome 5 Free", "font_type": "Type1", "italic": false, "monospaced": false, "name": "WSCPKQ+FontAwesome5Free-Solid", "subset": true, "weight": 400}, "HasClip": false, "Lang": "en", "Page": 0, "Path": "//Document/Sect[2]/P[3]/Reference", "Text": "(<http://ka-webdev.com/>)\ue080 ka-webdev.com ", "TextSize": 9.962600708007812, "attributes": {"LineHeight": 12, "TextAlign": "Center"}}, {"Bounds": [345.61888122558594, 738.8423004150391, 471.58599853515625, 757.7669982910156], "Font": {"alt_family_name": "CMS Y", "embedded": true, "encoding": "Custom", "family_name": "CMS Y 10", "font_type": "Type1", "italic": false, "monospaced": false, "name": "XDJWFC+CMSY10", "subset": true, "weight": 400}, "HasClip": false, "Lang": "en", "Page": 0, "Path": "//Document/Sect[2]/P[4]", "Text": "| (<mailto:kfirkfir89@gmail.com>)\ue023 kfirkfir89@gmail.com | ", "TextSize": 9.962600708007812}, {"Bounds": [474.76499938964844, 743.8190002441406, 540.8958129882812, 757.7669982910156], "Font": {"alt_family_name": "Font Awesome 5 Free", "embedded": true, "encoding": "Custom", "family_name": "Font Awesome 5 Free", "font_type": "Type1", "italic": false, "monospaced": false, "name": "WSCPKQ+FontAwesome5Free-Solid", "subset": true, "weight": 400}, "HasClip": false, "Lang": "en", "Page": 0, "Path": "//Document/Sect[2]/P[5]/Reference", "Text": "(<tel:0544384132>)\ue048 0544-384132 ", "TextSize": 9.962600708007812, "attributes": {"SpaceAfter": 4.875}}, {"Bounds": [35.714996337890625, 717.7174530029297, 103.55818176269531, 734.1868896484375], "Font": {"alt_family_name": "CMC Smallcaps", "embedded": true, "encoding": "Custom", "family_name": "CMC Smallcaps 10", "font_type": "Type1", "italic": false, "monospaced": false, "name": "DUXZGO+CMCSC10", "subset": true, "weight": 400}, "HasClip": false, "Lang": "en", "Page": 0, "Path": "//Document/Sect[3]/H1", "Text": "Summary ", "TextSize": 14.346206665039062, "attributes": {"LineHeight": 17.25, "SpaceAfter": 10.75}}, {"Bounds": [35.714996337890625, 684.1982269287109, 562.0690460205078, 707.5904083251953], "Font": {"alt_family_name": "CM R", "embedded": true, "encoding": "Custom", "family_name": "CM R 10", "font_type": "Type1", "italic": false, "monospaced": false, "name": "WIHRTG+CMR10", "subset": true, "weight": 400}, "HasClip": false, "Lang": "en", "Page": 0, "Path": "//Document/Sect[3]/P", "Text": "I am full stack web developer looking for full time opportunities and development. A self-taught, full of motivation to learn, research, and develop. ", "TextSize": 9.962600708007812, "attributes": {"SpaceAfter": 10.75}}, {"Bounds": [35.714996337890625, 655.2074432373047, 82.81356811523438, 671.6768951416016], "Font": {"alt_family_name": "CMC Smallcaps", "embedded": true, "encoding": "Custom", "family_name": "CMC Smallcaps 10", "font_type": "Type1", "italic": false, "monospaced": false, "name": "DUXZGO+CMCSC10", "subset": true, "weight": 400}, "HasClip": false, "Lang": "en", "Page": 0, "Path": "//Document/Sect[4]/H1", "Text": "Skills ", "TextSize": 14.346206665039062, "attributes": {"LineHeight": 17.25, "SpaceAfter": 7.125}}, {"Bounds": [35.714996337890625, 602.3055572509766, 466.2188720703125, 643.6304168701172], "Page": 0, "Path": "//Document/Sect[4]/Table", "attributes": {"BBox": [35.75849999999991, 602.0199999999895, 559.6569999999774, 653.8579999999783], "NumCol": 2, "NumRow": 3, "Placement": "Block", "SpaceAfter": 9.375}}, {"Bounds": [35.714996337890625, 632.1933441162109, 92.67118835449219, 643.6304168701172], "Page": 0, "Path": "//Document/Sect[4]/Table/TR/TD", "attributes": {"BBox": [35.75849999999991, 629.3789999999863, 95.7560999999987, 653.8579999999783], "BlockAlign": "After", "BorderColor": [[0, 0, 0], null, null, null], "BorderStyle": ["Solid", "None", "None", "None"], "BorderThickness": [0.5, 0, 0, 0], "ColIndex": 0, "Height": 24.5, "InlineAlign": "Start", "RowIndex": 0, "Width": 60}}, {"Bounds": [35.714996337890625, 632.1933441162109, 92.67118835449219, 643.6304168701172], "Font": {"alt_family_name": "CMB Extra", "embedded": true, "encoding": "Custom", "family_name": "CMB Extra 10", "font_type": "Type1", "italic": false, "monospaced": false, "name": "QGXGUQ+CMBX10", "subset": true, "weight": 400}, "HasClip": false, "Lang": "en", "Page": 0, "Path": "//Document/Sect[4]/Table/TR/TD/P", "Text": "Front-End: ", "TextSize": 9.962600708007812, "attributes": {"LineHeight": 12}}, {"Bounds": [102.13565063476562, 632.1933441162109, 466.2188720703125, 643.6304168701172], "Page": 0, "Path": "//Document/Sect[4]/Table/TR/TD[2]", "attributes": {"BBox": [95.7560999999987, 629.3789999999863, 559.6569999999774, 653.8579999999783], "BlockAlign": "After", "BorderColor": [[0, 0, 0], null, null, null], "BorderStyle": ["Solid", "None", "None", "None"], "BorderThickness": [0.5, 0, 0, 0], "ColIndex": 1, "Height": 24.5, "InlineAlign": "Start", "RowIndex": 0, "Width": 463.875}}, {"Bounds": [102.13565063476562, 632.1933441162109, 466.2188720703125, 643.6304168701172], "Font": {"alt_family_name": "CM R", "embedded": true, "encoding": "Custom", "family_name": "CM R 10", "font_type": "Type1", "italic": false, "monospaced": false, "name": "WIHRTG+CMR10", "subset": true, "weight": 400}, "HasClip": false, "Lang": "en", "Page": 0, "Path": "//Document/Sect[4]/Table/TR/TD[2]/P", "Text": "JavaScript, TypeScript, HTML5, CSS, JQuery, React, Redux, Tailwind, Bootstrap ", "TextSize": 9.962600708007812, "attributes": {"LineHeight": 12}}, {"Bounds": [35.714996337890625, 617.2494506835938, 90.00120544433594, 628.6865081787109], "Page": 0, "Path": "//Document/Sect[4]/Table/TR[2]/TD", "attributes": {"BBox": [35.75849999999991, 614.9789999999921, 95.7560999999987, 629.3789999999863], "BlockAlign": "Middle", "ColIndex": 0, "Height": 14.375, "InlineAlign": "Start", "RowIndex": 1, "Width": 60}}, {"Bounds": [35.714996337890625, 617.2494506835938, 90.00120544433594, 628.6865081787109], "Font": {"alt_family_name": "CMB Extra", "embedded": true, "encoding": "Custom", "family_name": "CMB Extra 10", "font_type": "Type1", "italic": false, "monospaced": false, "name": "QGXGUQ+CMBX10", "subset": true, "weight": 400}, "HasClip": false, "Lang": "en", "Page": 0, "Path": "//Document/Sect[4]/Table/TR[2]/TD/P", "Text": "Back-End: ", "TextSize": 9.962600708007812, "attributes": {"LineHeight": 12}}, {"Bounds": [102.13565063476562, 617.2494506835938, 433.68101501464844, 628.6865081787109], "Page": 0, "Path": "//Document/Sect[4]/Table/TR[2]/TD[2]", "attributes": {"BBox": [95.7560999999987, 614.9789999999921, 559.6569999999774, 629.3789999999863], "BlockAlign": "Middle", "ColIndex": 1, "Height": 14.375, "InlineAlign": "Start", "RowIndex": 1, "Width": 463.875}}, {"Bounds": [102.13565063476562, 617.2494506835938, 433.68101501464844, 628.6865081787109], "Font": {"alt_family_name": "CM R", "embedded": true, "encoding": "Custom", "family_name": "CM R 10", "font_type": "Type1", "italic": false, "monospaced": false, "name": "WIHRTG+CMR10", "subset": true, "weight": 400}, "HasClip": false, "Lang": "en", "Page": 0, "Path": "//Document/Sect[4]/Table/TR[2]/TD[2]/P", "Text": "C#, ASP.NET MVC, PostgreSQL, Firebase, Cloud Firestore, SQL/NoSQL ", "TextSize": 9.962600708007812, "attributes": {"LineHeight": 12}}, {"Bounds": [35.714996337890625, 602.3055572509766, 67.874267578125, 613.7426147460938], "Page": 0, "Path": "//Document/Sect[4]/Table/TR[3]/TD", "attributes": {"BBox": [35.75849999999991, 602.0199999999895, 95.7560999999987, 614.9789999999921], "BlockAlign": "Middle", "ColIndex": 0, "Height": 13, "InlineAlign": "Start", "RowIndex": 2, "Width": 60}}, {"Bounds": [35.714996337890625, 602.3055572509766, 67.874267578125, 613.7426147460938], "Font": {"alt_family_name": "CMB Extra", "embedded": true, "encoding": "Custom", "family_name": "CMB Extra 10", "font_type": "Type1", "italic": false, "monospaced": false, "name": "QGXGUQ+CMBX10", "subset": true, "weight": 400}, "HasClip": false, "Lang": "en", "Page": 0, "Path": "//Document/Sect[4]/Table/TR[3]/TD/P", "Text": "Tools: ", "TextSize": 9.962600708007812, "attributes": {"LineHeight": 12}}, {"Bounds": [102.13565063476562, 602.3055572509766, 385.8904266357422, 613.7426147460938], "Page": 0, "Path": "//Document/Sect[4]/Table/TR[3]/TD[2]", "attributes": {"BBox": [95.7560999999987, 602.0199999999895, 559.6569999999774, 614.9789999999921], "BlockAlign": "Middle", "ColIndex": 1, "Height": 13, "InlineAlign": "Start", "RowIndex": 2, "Width": 463.875}}, {"Bounds": [102.13565063476562, 602.3055572509766, 385.8904266357422, 613.7426147460938], "Font": {"alt_family_name": "CM R", "embedded": true, "encoding": "Custom", "family_name": "CM R 10", "font_type": "Type1", "italic": false, "monospaced": false, "name": "WIHRTG+CMR10", "subset": true, "weight": 400}, "HasClip": false, "Lang": "en", "Page": 0, "Path": "//Document/Sect[4]/Table/TR[3]/TD[2]/P", "Text": "GitHub, Firebase-auth, Entity Framework, Heroku, Netlify, Vite ", "TextSize": 9.962600708007812, "attributes": {"LineHeight": 12}}, {"Bounds": [35.714996337890625, 574.1114501953125, 200.75367736816406, 590.5808868408203], "Font": {"alt_family_name": "CMC Smallcaps", "embedded": true, "encoding": "Custom", "family_name": "CMC Smallcaps 10", "font_type": "Type1", "italic": false, "monospaced": false, "name": "DUXZGO+CMCSC10", "subset": true, "weight": 400}, "HasClip": false, "Lang": "en", "Page": 0, "Path": "//Document/Sect[5]/H1", "Text": "Technical Experience ", "TextSize": 14.346206665039062, "attributes": {"LineHeight": 17.25, "SpaceAfter": 9.75}}, {"Bounds": [35.714996337890625, 550.5872497558594, 91.366455078125, 564.3237762451172], "Font": {"alt_family_name": "CMB Extra", "embedded": true, "encoding": "Custom", "family_name": "CMB Extra 12", "font_type": "Type1", "italic": false, "monospaced": false, "name": "KIVTGB+CMBX12", "subset": true, "weight": 400}, "HasClip": false, "Lang": "en", "Page": 0, "Path": "//Document/Sect[5]/Sect/H2", "Text": "Projects: ", "TextSize": 11.9552001953125, "attributes": {"LineHeight": 14.375, "SpaceAfter": 5}}, {"Bounds": [34.718994140625, 527.0883026123047, 198.19503784179688, 546.0160064697266], "Font": {"alt_family_name": "CMB Extra", "embedded": true, "encoding": "Custom", "family_name": "CMB Extra 10", "font_type": "Type1", "italic": false, "monospaced": false, "name": "QGXGUQ+CMBX10", "subset": true, "weight": 400}, "HasClip": false, "Lang": "en", "Page": 0, "Path": "//Document/Sect[5]/Sect/Sect/H3/Reference", "Text": "(<https://nanastyle-e.com/ >)\ue080 nanastyle-e.com | (<https://github.com/kfirkfir89/e-commerce-app>)\ue0a7 code : ", "TextSize": 9.962600708007812, "attributes": {"SpaceAfter": 3.625}}, {"Bounds": [35.70503234863281, 506.5155334472656, 562.0291900634766, 529.90771484375], "Font": {"alt_family_name": "CM R", "embedded": true, "encoding": "Custom", "family_name": "CM R 10", "font_type": "Type1", "italic": false, "monospaced": false, "name": "WIHRTG+CMR10", "subset": true, "weight": 400}, "HasClip": false, "Lang": "en", "Page": 0, "Path": "//Document/Sect[5]/Sect/Sect/P", "Text": "nana-style is e-commerce-app system built in TypeScript, React, Redux, Tailwind, Firebase . Fully responsive design features an intuitive user interface, client-side interface, admin-side dashboard. ", "TextSize": 9.962600708007812, "attributes": {"SpaceAfter": 7.875}}, {"Bounds": [35.70503234863281, 486.73976135253906, 130.1604461669922, 498.1768341064453], "Font": {"alt_family_name": "CM R", "embedded": true, "encoding": "Custom", "family_name": "CM R 10", "font_type": "Type1", "italic": false, "monospaced": false, "name": "WIHRTG+CMR10", "subset": true, "weight": 400}, "HasClip": false, "Lang": "en", "Page": 0, "Path": "//Document/Sect[5]/Sect/Sect/P[2]", "Text": "Client-side/Interface: ", "TextSize": 9.962600708007812}, {"Bounds": [40.68634033203125, 474.0773010253906, 48.158294677734375, 486.61024475097656], "Font": {"alt_family_name": "SFR M", "embedded": true, "encoding": "Custom", "family_name": "SFR M 1000", "font_type": "Type1", "italic": false, "monospaced": false, "name": "MULJMX+SFRM1000", "subset": true, "weight": 400}, "HasClip": false, "Page": 0, "Path": "//Document/Sect[5]/Sect/Sect/L/LI/Lbl", "Text": "\u2022 ", "TextSize": 9.962600708007812}, {"Bounds": [50.64894104003906, 474.78465270996094, 477.1876983642578, 486.2217102050781], "Font": {"alt_family_name": "CM R", "embedded": true, "encoding": "Custom", "family_name": "CM R 10", "font_type": "Type1", "italic": false, "monospaced": false, "name": "WIHRTG+CMR10", "subset": true, "weight": 400}, "HasClip": false, "Page": 0, "Path": "//Document/Sect[5]/Sect/Sect/L/LI/LBody", "Text": "Implemented Firebase Authentication, enabling sign-up, third-party login, and email verification. ", "TextSize": 9.962600708007812}, {"Bounds": [40.68634033203125, 460.12965393066406, 48.158294677734375, 472.66261291503906], "Font": {"alt_family_name": "SFR M", "embedded": true, "encoding": "Custom", "family_name": "SFR M 1000", "font_type": "Type1", "italic": false, "monospaced": false, "name": "MULJMX+SFRM1000", "subset": true, "weight": 400}, "HasClip": false, "Page": 0, "Path": "//Document/Sect[5]/Sect/Sect/L/LI[2]/Lbl", "Text": "\u2022 ", "TextSize": 9.962600708007812}, {"Bounds": [50.64894104003906, 460.8370056152344, 487.3196563720703, 472.27406311035156], "Font": {"alt_family_name": "CM R", "embedded": true, "encoding": "Custom", "family_name": "CM R 10", "font_type": "Type1", "italic": false, "monospaced": false, "name": "WIHRTG+CMR10", "subset": true, "weight": 400}, "HasClip": false, "Page": 0, "Path": "//Document/Sect[5]/Sect/Sect/L/LI[2]/LBody", "Text": "Built a user profile system for easy orders view, account detail updates and addresses management. ", "TextSize": 9.962600708007812}, {"Bounds": [40.68634033203125, 446.18202209472656, 48.158294677734375, 458.7149658203125], "Font": {"alt_family_name": "SFR M", "embedded": true, "encoding": "Custom", "family_name": "SFR M 1000", "font_type": "Type1", "italic": false, "monospaced": false, "name": "MULJMX+SFRM1000", "subset": true, "weight": 400}, "HasClip": false, "Page": 0, "Path": "//Document/Sect[5]/Sect/Sect/L/LI[3]/Lbl", "Text": "\u2022 ", "TextSize": 9.962600708007812}, {"Bounds": [50.64894104003906, 446.8893585205078, 369.9303436279297, 458.32643127441406], "Font": {"alt_family_name": "CM R", "embedded": true, "encoding": "Custom", "family_name": "CM R 10", "font_type": "Type1", "italic": false, "monospaced": false, "name": "WIHRTG+CMR10", "subset": true, "weight": 400}, "HasClip": false, "Page": 0, "Path": "//Document/Sect[5]/Sect/Sect/L/LI[3]/LBody", "Text": "Incorporated filters for user-customizable item sorting by color, size, etc. ", "TextSize": 9.962600708007812}, {"Bounds": [40.68634033203125, 432.234375, 48.158294677734375, 444.767333984375], "Font": {"alt_family_name": "SFR M", "embedded": true, "encoding": "Custom", "family_name": "SFR M 1000", "font_type": "Type1", "italic": false, "monospaced": false, "name": "MULJMX+SFRM1000", "subset": true, "weight": 400}, "HasClip": false, "Page": 0, "Path": "//Document/Sect[5]/Sect/Sect/L/LI[4]/Lbl", "Text": "\u2022 ", "TextSize": 9.962600708007812}, {"Bounds": [50.64894104003906, 432.9417266845703, 384.406005859375, 444.3787841796875], "Font": {"alt_family_name": "CM R", "embedded": true, "encoding": "Custom", "family_name": "CM R 10", "font_type": "Type1", "italic": false, "monospaced": false, "name": "WIHRTG+CMR10", "subset": true, "weight": 400}, "HasClip": false, "Page": 0, "Path": "//Document/Sect[5]/Sect/Sect/L/LI[4]/LBody", "Text": "Developed a shopping cart for item addition, quantity update, and removal. ", "TextSize": 9.962600708007812}, {"Bounds": [40.68634033203125, 418.2867431640625, 48.158294677734375, 430.81968688964844], "Font": {"alt_family_name": "SFR M", "embedded": true, "encoding": "Custom", "family_name": "SFR M 1000", "font_type": "Type1", "italic": false, "monospaced": false, "name": "MULJMX+SFRM1000", "subset": true, "weight": 400}, "HasClip": false, "Page": 0, "Path": "//Document/Sect[5]/Sect/Sect/L/LI[5]/Lbl", "Text": "\u2022 ", "TextSize": 9.962600708007812}, {"Bounds": [50.64894104003906, 418.99407958984375, 372.05238342285156, 430.43115234375], "Font": {"alt_family_name": "CM R", "embedded": true, "encoding": "Custom", "family_name": "CM R 10", "font_type": "Type1", "italic": false, "monospaced": false, "name": "WIHRTG+CMR10", "subset": true, "weight": 400}, "HasClip": false, "Page": 0, "Path": "//Document/Sect[5]/Sect/Sect/L/LI[5]/LBody", "Text": "Integrated Stripe via serverless function for secure and efficient checkout. ", "TextSize": 9.962600708007812}, {"Bounds": [40.68634033203125, 404.33909606933594, 48.158294677734375, 416.87205505371094], "Font": {"alt_family_name": "SFR M", "embedded": true, "encoding": "Custom", "family_name": "SFR M 1000", "font_type": "Type1", "italic": false, "monospaced": false, "name": "MULJMX+SFRM1000", "subset": true, "weight": 400}, "HasClip": false, "Page": 0, "Path": "//Document/Sect[5]/Sect/Sect/L/LI[6]/Lbl", "Text": "\u2022 ", "TextSize": 9.962600708007812}, {"Bounds": [50.64894104003906, 405.04644775390625, 474.3583221435547, 416.48350524902344], "Font": {"alt_family_name": "CM R", "embedded": true, "encoding": "Custom", "family_name": "CM R 10", "font_type": "Type1", "italic": false, "monospaced": false, "name": "WIHRTG+CMR10", "subset": true, "weight": 400}, "HasClip": false, "Page": 0, "Path": "//Document/Sect[5]/Sect/Sect/L/LI[6]/LBody", "Text": "Implemented a \u201dFavorites\u201d feature for marking and saving preferred products and Search feture. ", "TextSize": 9.962600708007812}, {"Bounds": [35.70503234863281, 390.6604461669922, 142.53399658203125, 402.09751892089844], "Font": {"alt_family_name": "CM R", "embedded": true, "encoding": "Custom", "family_name": "CM R 10", "font_type": "Type1", "italic": false, "monospaced": false, "name": "WIHRTG+CMR10", "subset": true, "weight": 400}, "HasClip": false, "Lang": "en", "Page": 0, "Path": "//Document/Sect[5]/Sect/Sect/P[3]", "Text": "Admin-side/Dashboard: ", "TextSize": 9.962600708007812}, {"Bounds": [40.68634033203125, 377.99798583984375, 48.158294677734375, 390.53094482421875], "Font": {"alt_family_name": "SFR M", "embedded": true, "encoding": "Custom", "family_name": "SFR M 1000", "font_type": "Type1", "italic": false, "monospaced": false, "name": "MULJMX+SFRM1000", "subset": true, "weight": 400}, "HasClip": false, "Page": 0, "Path": "//Document/Sect[5]/Sect/Sect/L[2]/LI/Lbl", "Text": "\u2022 ", "TextSize": 9.962600708007812}, {"Bounds": [50.64894104003906, 378.70533752441406, 489.4616241455078, 390.14239501953125], "Font": {"alt_family_name": "CM R", "embedded": true, "encoding": "Custom", "family_name": "CM R 10", "font_type": "Type1", "italic": false, "monospaced": false, "name": "WIHRTG+CMR10", "subset": true, "weight": 400}, "HasClip": false, "Page": 0, "Path": "//Document/Sect[5]/Sect/Sect/L[2]/LI/LBody", "Text": "Implemented a content management system for adding categories, subcategories, and new products. ", "TextSize": 9.962600708007812}, {"Bounds": [40.68634033203125, 364.05035400390625, 48.158294677734375, 376.5832977294922], "Font": {"alt_family_name": "SFR M", "embedded": true, "encoding": "Custom", "family_name": "SFR M 1000", "font_type": "Type1", "italic": false, "monospaced": false, "name": "MULJMX+SFRM1000", "subset": true, "weight": 400}, "HasClip": false, "Page": 0, "Path": "//Document/Sect[5]/Sect/Sect/L[2]/LI[2]/Lbl", "Text": "\u2022 ", "TextSize": 9.962600708007812}, {"Bounds": [50.64894104003906, 364.7576904296875, 480.734375, 376.19476318359375], "Font": {"alt_family_name": "CM R", "embedded": true, "encoding": "Custom", "family_name": "CM R 10", "font_type": "Type1", "italic": false, "monospaced": false, "name": "WIHRTG+CMR10", "subset": true, "weight": 400}, "HasClip": false, "Page": 0, "Path": "//Document/Sect[5]/Sect/Sect/L[2]/LI[2]/LBody", "Text": "Developed a customizable product-listing feature, enabling creation of links to these product lists. ", "TextSize": 9.962600708007812}, {"Bounds": [40.68634033203125, 350.1027069091797, 48.158294677734375, 362.6356506347656], "Font": {"alt_family_name": "SFR M", "embedded": true, "encoding": "Custom", "family_name": "SFR M 1000", "font_type": "Type1", "italic": false, "monospaced": false, "name": "MULJMX+SFRM1000", "subset": true, "weight": 400}, "HasClip": false, "Page": 0, "Path": "//Document/Sect[5]/Sect/Sect/L[2]/LI[3]/Lbl", "Text": "\u2022 ", "TextSize": 9.962600708007812}, {"Bounds": [50.64894104003906, 338.8549346923828, 562.0291900634766, 362.2471160888672], "Font": {"alt_family_name": "CM R", "embedded": true, "encoding": "Custom", "family_name": "CM R 10", "font_type": "Type1", "italic": false, "monospaced": false, "name": "WIHRTG+CMR10", "subset": true, "weight": 400}, "HasClip": false, "Page": 0, "Path": "//Document/Sect[5]/Sect/Sect/L[2]/LI[3]/LBody", "Text": "Built a pages-preview functionality to customize the website\u2019s homepage and manage associated links to product lists or categories. ", "TextSize": 9.962600708007812}, {"Bounds": [34.718994140625, 308.02000427246094, 122.82797241210938, 325.70399475097656], "Font": {"alt_family_name": "Font Awesome 5 Free", "embedded": true, "encoding": "Custom", "family_name": "Font Awesome 5 Free", "font_type": "Type1", "italic": false, "monospaced": false, "name": "WSCPKQ+FontAwesome5Free-Solid", "subset": true, "weight": 400}, "HasClip": false, "Page": 0, "Path": "//Document/Sect[5]/Sect/Sect[2]/H3/Span/Reference", "Text": "\ue080 dev-portal.org ", "TextSize": 9.962600708007812}, {"Bounds": [139.22900390625, 308.02000427246094, 178.91741943359375, 325.70399475097656], "Font": {"alt_family_name": "Font Awesome 5 Brands", "embedded": true, "encoding": "Custom", "family_name": "Font Awesome 5 Brands", "font_type": "Type1", "italic": false, "monospaced": false, "name": "PNYVII+FontAwesome5Brands-Regular", "subset": true, "weight": 400}, "HasClip": false, "Page": 0, "Path": "//Document/Sect[5]/Sect/Sect[2]/H3/Span/Reference[2]", "Text": "\ue0a7 code ", "TextSize": 9.962600708007812}, {"Bounds": [34.718994140625, 306.7853240966797, 189.73680114746094, 325.70399475097656], "Font": {"alt_family_name": "CMB Extra", "embedded": true, "encoding": "Custom", "family_name": "CMB Extra 10", "font_type": "Type1", "italic": false, "monospaced": false, "name": "QGXGUQ+CMBX10", "subset": true, "weight": 400}, "HasClip": false, "Lang": "en", "Page": 0, "Path": "//Document/Sect[5]/Sect/Sect[2]/H3/Span", "Text": "| : ", "TextSize": 9.962600708007812, "attributes": {"SpaceAfter": 3.625}}, {"Bounds": [35.695068359375, 274.25743103027344, 562.0291900634766, 309.604736328125], "Font": {"alt_family_name": "CM R", "embedded": true, "encoding": "Custom", "family_name": "CM R 10", "font_type": "Type1", "italic": false, "monospaced": false, "name": "WIHRTG+CMR10", "subset": true, "weight": 400}, "HasClip": false, "Lang": "en", "Page": 0, "Path": "//Document/Sect[5]/Sect/Sect[2]/P", "Text": "devPortal is social-media platform for developers community built in C#, ASP.NET MVC Pattern, JavaScript, jQuery, Bootstrap, PostgreSQL, TinyMCE(editor). Fully responsive design features an intuitive user interface, fully CRUD application. ", "TextSize": 9.962600708007812, "attributes": {"LineHeight": 12, "SpaceAfter": 7.25, "TextAlign": "Justify"}}, {"Bounds": [40.67637634277344, 254.3322296142578, 48.14833068847656, 266.8651885986328], "Font": {"alt_family_name": "SFR M", "embedded": true, "encoding": "Custom", "family_name": "SFR M 1000", "font_type": "Type1", "italic": false, "monospaced": false, "name": "MULJMX+SFRM1000", "subset": true, "weight": 400}, "HasClip": false, "Page": 0, "Path": "//Document/Sect[5]/Sect/Sect[2]/L/LI/Lbl", "Text": "\u2022 ", "TextSize": 9.962600708007812}, {"Bounds": [50.63897705078125, 255.03958129882812, 427.3547668457031, 266.4766387939453], "Font": {"alt_family_name": "CM R", "embedded": true, "encoding": "Custom", "family_name": "CM R 10", "font_type": "Type1", "italic": false, "monospaced": false, "name": "WIHRTG+CMR10", "subset": true, "weight": 400}, "HasClip": false, "Page": 0, "Path": "//Document/Sect[5]/Sect/Sect[2]/L/LI/LBody", "Text": "Implemented a role-system, and secure authentication and authorization mechanisms. ", "TextSize": 9.962600708007812}, {"Bounds": [40.67637634277344, 240.3845977783203, 48.14833068847656, 252.91754150390625], "Font": {"alt_family_name": "SFR M", "embedded": true, "encoding": "Custom", "family_name": "SFR M 1000", "font_type": "Type1", "italic": false, "monospaced": false, "name": "MULJMX+SFRM1000", "subset": true, "weight": 400}, "HasClip": false, "Page": 0, "Path": "//Document/Sect[5]/Sect/Sect[2]/L/LI[2]/Lbl", "Text": "\u2022 ", "TextSize": 9.962600708007812}, {"Bounds": [50.63897705078125, 229.13681030273438, 562.0192260742188, 252.5290069580078], "Font": {"alt_family_name": "CM R", "embedded": true, "encoding": "Custom", "family_name": "CM R 10", "font_type": "Type1", "italic": false, "monospaced": false, "name": "WIHRTG+CMR10", "subset": true, "weight": 400}, "HasClip": false, "Page": 0, "Path": "//Document/Sect[5]/Sect/Sect[2]/L/LI[2]/LBody", "Text": "Created a tag system for better content sorting and personalized suggestions, including admin capabilities to add new tags. ", "TextSize": 9.962600708007812}, {"Bounds": [40.67637634277344, 214.48182678222656, 48.14833068847656, 227.01478576660156], "Font": {"alt_family_name": "SFR M", "embedded": true, "encoding": "Custom", "family_name": "SFR M 1000", "font_type": "Type1", "italic": false, "monospaced": false, "name": "MULJMX+SFRM1000", "subset": true, "weight": 400}, "HasClip": false, "Page": 0, "Path": "//Document/Sect[5]/Sect/Sect[2]/L/LI[3]/Lbl", "Text": "\u2022 ", "TextSize": 9.962600708007812}, {"Bounds": [50.63897705078125, 203.2340545654297, 562.0192260742188, 226.62623596191406], "Font": {"alt_family_name": "CM R", "embedded": true, "encoding": "Custom", "family_name": "CM R 10", "font_type": "Type1", "italic": false, "monospaced": false, "name": "WIHRTG+CMR10", "subset": true, "weight": 400}, "HasClip": false, "Page": 0, "Path": "//Document/Sect[5]/Sect/Sect[2]/L/LI[3]/LBody", "Text": "Designed a comments system that lets users chat, with tools for admins and authors to keep the conversations respectful. ", "TextSize": 9.962600708007812}, {"Bounds": [40.67637634277344, 188.57907104492188, 48.14833068847656, 201.11203002929688], "Font": {"alt_family_name": "SFR M", "embedded": true, "encoding": "Custom", "family_name": "SFR M 1000", "font_type": "Type1", "italic": false, "monospaced": false, "name": "MULJMX+SFRM1000", "subset": true, "weight": 400}, "HasClip": false, "Page": 0, "Path": "//Document/Sect[5]/Sect/Sect[2]/L/LI[4]/Lbl", "Text": "\u2022 ", "TextSize": 9.962600708007812}, {"Bounds": [50.63897705078125, 189.2864227294922, 539.3642730712891, 200.72348022460938], "Font": {"alt_family_name": "CM R", "embedded": true, "encoding": "Custom", "family_name": "CM R 10", "font_type": "Type1", "italic": false, "monospaced": false, "name": "WIHRTG+CMR10", "subset": true, "weight": 400}, "HasClip": false, "Page": 0, "Path": "//Document/Sect[5]/Sect/Sect[2]/L/LI[4]/LBody", "Text": "Implemented dual feedback mechanisms, allowing users to \u2019like\u2019 posts for enjoyment and mark them as \u2019useful\u2019. ", "TextSize": 9.962600708007812}, {"Bounds": [40.67637634277344, 174.63143920898438, 48.14833068847656, 187.1643829345703], "Font": {"alt_family_name": "SFR M", "embedded": true, "encoding": "Custom", "family_name": "SFR M 1000", "font_type": "Type1", "italic": false, "monospaced": false, "name": "MULJMX+SFRM1000", "subset": true, "weight": 400}, "HasClip": false, "Page": 0, "Path": "//Document/Sect[5]/Sect/Sect[2]/L/LI[5]/Lbl", "Text": "\u2022 ", "TextSize": 9.962600708007812}, {"Bounds": [50.63897705078125, 163.38365173339844, 562.0391540527344, 186.77584838867188], "Font": {"alt_family_name": "CM R", "embedded": true, "encoding": "Custom", "family_name": "CM R 10", "font_type": "Type1", "italic": false, "monospaced": false, "name": "WIHRTG+CMR10", "subset": true, "weight": 400}, "HasClip": false, "Page": 0, "Path": "//Document/Sect[5]/Sect/Sect[2]/L/LI[5]/LBody", "Text": "Developed a post creation feature for text, image, and video uploads, with admin permissions to modify or delete content as necessary. ", "TextSize": 9.962600708007812}, {"Bounds": [40.67637634277344, 148.72866821289062, 48.14833068847656, 161.26162719726562], "Font": {"alt_family_name": "SFR M", "embedded": true, "encoding": "Custom", "family_name": "SFR M 1000", "font_type": "Type1", "italic": false, "monospaced": false, "name": "MULJMX+SFRM1000", "subset": true, "weight": 400}, "HasClip": false, "Page": 0, "Path": "//Document/Sect[5]/Sect/Sect[2]/L/LI[6]/Lbl", "Text": "\u2022 ", "TextSize": 9.962600708007812}, {"Bounds": [50.63897705078125, 149.43601989746094, 334.8022155761719, 160.87307739257812], "Font": {"alt_family_name": "CM R", "embedded": true, "encoding": "Custom", "family_name": "CM R 10", "font_type": "Type1", "italic": false, "monospaced": false, "name": "WIHRTG+CMR10", "subset": true, "weight": 400}, "HasClip": false, "Page": 0, "Path": "//Document/Sect[5]/Sect/Sect[2]/L/LI[6]/LBody", "Text": "Built a user profile system for easy account details management. ", "TextSize": 9.962600708007812}, {"Bounds": [40.67637634277344, 134.78103637695312, 48.14833068847656, 147.31398010253906], "Font": {"alt_family_name": "SFR M", "embedded": true, "encoding": "Custom", "family_name": "SFR M 1000", "font_type": "Type1", "italic": false, "monospaced": false, "name": "MULJMX+SFRM1000", "subset": true, "weight": 400}, "HasClip": false, "Page": 0, "Path": "//Document/Sect[5]/Sect/Sect[2]/L/LI[7]/Lbl", "Text": "\u2022 ", "TextSize": 9.962600708007812}, {"Bounds": [50.63897705078125, 123.53326416015625, 559.5583953857422, 146.92544555664062], "Font": {"alt_family_name": "CM R", "embedded": true, "encoding": "Custom", "family_name": "CM R 10", "font_type": "Type1", "italic": false, "monospaced": false, "name": "WIHRTG+CMR10", "subset": true, "weight": 400}, "HasClip": false, "Page": 0, "Path": "//Document/Sect[5]/Sect/Sect[2]/L/LI[7]/LBody", "Text": "Integrated infinite scrolling, post sorting, and a search feature to enhance navigation, content discovery, and personalized recommendations. ", "TextSize": 9.962600708007812}, {"Bounds": [35.714996337890625, 89.54444885253906, 114.74821472167969, 106.01388549804688], "Font": {"alt_family_name": "CMC Smallcaps", "embedded": true, "encoding": "Custom", "family_name": "CMC Smallcaps 10", "font_type": "Type1", "italic": false, "monospaced": false, "name": "DUXZGO+CMCSC10", "subset": true, "weight": 400}, "HasClip": false, "Lang": "en", "Page": 0, "Path": "//Document/Sect[6]/H1", "Text": "Education ", "TextSize": 14.346206665039062, "attributes": {"LineHeight": 17.25, "SpaceAfter": 12.125}}, {"Bounds": [35.714996337890625, 66.53135681152344, 415.52915954589844, 77.96841430664062], "Font": {"alt_family_name": "CM R", "embedded": true, "encoding": "Custom", "family_name": "CM R 10", "font_type": "Type1", "italic": false, "monospaced": false, "name": "WIHRTG+CMR10", "subset": true, "weight": 400}, "HasClip": false, "Lang": "en", "Page": 0, "Path": "//Document/Sect[6]/Sect/H2", "Text": "2023 Practical Software Engineering at The Technological College of Beer-Sheva ", "TextSize": 9.962600708007812, "attributes": {"SpaceAfter": 18}}, {"Bounds": [295.14109802246094, 28.235122680664062, 302.61305236816406, 39.67218017578125], "Font": {"alt_family_name": "CM R", "embedded": true, "encoding": "Custom", "family_name": "CM R 10", "font_type": "Type1", "italic": false, "monospaced": false, "name": "WIHRTG+CMR10", "subset": true, "weight": 400}, "HasClip": false, "Lang": "en", "Page": 0, "Path": "//Document/Sect[6]/Sect/P", "Text": "1 ", "TextSize": 9.962600708007812, "attributes": {"LineHeight": 12, "TextAlign": "Center"}}], "pages": [{"boxes": {"CropBox": [0.0, 0.0, 595.2760009765625, 841.8900146484375], "MediaBox": [0.0, 0.0, 595.2760009765625, 841.8900146484375]}, "height": 841.8900146484375, "is_scanned": false, "page_number": 0, "rotation": 0, "width": 595.2760009765625}]}